-- MySQL dump 10.13  Distrib 8.0.34, for Win64 (x86_64)
--
-- Host: 127.0.0.1    Database: classroom_db
-- ------------------------------------------------------
-- Server version	8.0.34

/*!40101 SET @OLD_CHARACTER_SET_CLIENT=@@CHARACTER_SET_CLIENT */;
/*!40101 SET @OLD_CHARACTER_SET_RESULTS=@@CHARACTER_SET_RESULTS */;
/*!40101 SET @OLD_COLLATION_CONNECTION=@@COLLATION_CONNECTION */;
/*!50503 SET NAMES utf8mb4 */;
/*!40103 SET @OLD_TIME_ZONE=@@TIME_ZONE */;
/*!40103 SET TIME_ZONE='+00:00' */;
/*!40014 SET @OLD_UNIQUE_CHECKS=@@UNIQUE_CHECKS, UNIQUE_CHECKS=0 */;
/*!40014 SET @OLD_FOREIGN_KEY_CHECKS=@@FOREIGN_KEY_CHECKS, FOREIGN_KEY_CHECKS=0 */;
/*!40101 SET @OLD_SQL_MODE=@@SQL_MODE, SQL_MODE='NO_AUTO_VALUE_ON_ZERO' */;
/*!40111 SET @OLD_SQL_NOTES=@@SQL_NOTES, SQL_NOTES=0 */;

--
-- Table structure for table `admin`
--

DROP TABLE IF EXISTS `admin`;
/*!40101 SET @saved_cs_client     = @@character_set_client */;
/*!50503 SET character_set_client = utf8mb4 */;
CREATE TABLE `admin` (
  `admin_id` int NOT NULL COMMENT '管理员ID',
  `admin_password` varchar(20) NOT NULL COMMENT '管理员密码',
  `admin_name` varchar(10) NOT NULL COMMENT '管理员姓名',
  `admin_phone` varchar(11) DEFAULT NULL COMMENT '管理员电话号',
  PRIMARY KEY (`admin_id`)
) ENGINE=InnoDB DEFAULT CHARSET=utf8mb4 COLLATE=utf8mb4_0900_ai_ci;
/*!40101 SET character_set_client = @saved_cs_client */;

--
-- Dumping data for table `admin`
--

LOCK TABLES `admin` WRITE;
/*!40000 ALTER TABLE `admin` DISABLE KEYS */;
INSERT INTO `admin` VALUES (333,'333','钟离','333123123');
/*!40000 ALTER TABLE `admin` ENABLE KEYS */;
UNLOCK TABLES;

--
-- Table structure for table `book`
--

DROP TABLE IF EXISTS `book`;
/*!40101 SET @saved_cs_client     = @@character_set_client */;
/*!50503 SET character_set_client = utf8mb4 */;
CREATE TABLE `book` (
  `book_id` int NOT NULL AUTO_INCREMENT COMMENT '订单ID',
  `book_user_id` int NOT NULL COMMENT '使用者用户ID',
  `book_classroom_id` int NOT NULL COMMENT '教室ID',
  `book_waiter_id` int DEFAULT NULL COMMENT '审核人员ID',
  `audit` varchar(255) NOT NULL COMMENT '是否通过审核（1/0）',
  `book_start_time` datetime NOT NULL COMMENT '开始使用时间',
  `book_end_time` datetime NOT NULL COMMENT '结束使用时间',
  PRIMARY KEY (`book_id`),
  KEY `book_user_id` (`book_user_id`),
  KEY `book_classroom_id` (`book_classroom_id`),
  KEY `book_waiter_id` (`book_waiter_id`),
  CONSTRAINT `book_classroom_id` FOREIGN KEY (`book_classroom_id`) REFERENCES `classroom` (`classroom_id`),
  CONSTRAINT `book_user_id` FOREIGN KEY (`book_user_id`) REFERENCES `users` (`user_id`),
  CONSTRAINT `book_waiter_id` FOREIGN KEY (`book_waiter_id`) REFERENCES `waiters` (`waiter_id`)
) ENGINE=InnoDB AUTO_INCREMENT=228 DEFAULT CHARSET=utf8mb4 COLLATE=utf8mb4_0900_ai_ci;
/*!40101 SET character_set_client = @saved_cs_client */;

--
-- Dumping data for table `book`
--

LOCK TABLES `book` WRITE;
/*!40000 ALTER TABLE `book` DISABLE KEYS */;
INSERT INTO `book` VALUES (218,111,101,0,'未通过','2023-02-01 12:00:00','2023-02-03 00:00:00'),(219,111,101,224,'通过','2023-02-09 00:00:00','2023-02-10 00:00:00'),(222,111,101,0,'未通过','2023-03-08 12:00:00','2023-03-10 00:00:00'),(223,111,101,224,'通过','2023-03-24 00:00:00','2023-03-25 00:00:00'),(224,111,101,224,'通过','2023-03-02 00:00:00','2023-03-03 00:00:00'),(225,111,108,0,'未通过','2023-03-03 00:00:00','2023-03-04 00:00:00'),(226,111,117,224,'通过','2023-04-26 00:00:00','2023-04-27 00:00:00'),(227,111,101,224,'通过','2023-05-17 00:00:00','2023-05-18 00:00:00');
/*!40000 ALTER TABLE `book` ENABLE KEYS */;
UNLOCK TABLES;

--
-- Table structure for table `classroom`
--

DROP TABLE IF EXISTS `classroom`;
/*!40101 SET @saved_cs_client     = @@character_set_client */;
/*!50503 SET character_set_client = utf8mb4 */;
CREATE TABLE `classroom` (
  `classroom_id` int NOT NULL AUTO_INCREMENT COMMENT '教室ID',
  `classroom_num` int NOT NULL COMMENT '教室人数',
  `classroom_build` varchar(10) NOT NULL COMMENT '教室楼号',
  `classroom_room` varchar(10) NOT NULL COMMENT '教室房间号',
  `classroom_remark` varchar(50) DEFAULT NULL COMMENT '教室备注',
  PRIMARY KEY (`classroom_id`)
) ENGINE=InnoDB AUTO_INCREMENT=196 DEFAULT CHARSET=utf8mb4 COLLATE=utf8mb4_0900_ai_ci;
/*!40101 SET character_set_client = @saved_cs_client */;

--
-- Dumping data for table `classroom`
--

LOCK TABLES `classroom` WRITE;
/*!40000 ALTER TABLE `classroom` DISABLE KEYS */;
INSERT INTO `classroom` VALUES (101,21,'A6','201','测试'),(102,20,'A6','201','很好'),(105,20,'A6','201','很好'),(106,20,'A6','201','很好'),(107,20,'A6','201','为什么会这个样子'),(108,20,'A6','201','很好'),(109,20,'A6','201','很好'),(117,20,'A6','201','很好'),(118,20,'A6','201','很好'),(119,20,'A6','201','超级好很好很不错'),(120,23,'A6','201','很棒很好123123123'),(121,56,'A7','302','好'),(122,54,'A7','302','好'),(123,56,'A7','302','好'),(124,50,'A7','302','好'),(125,50,'A7','302','好'),(126,50,'A7','302','好'),(128,50,'A7','302','好'),(129,50,'A7','302','好'),(131,50,'A7','302','否定'),(132,50,'A7','302','测试'),(133,50,'A7','302','很好'),(134,50,'A7','302','123123131231231'),(135,50,'A7','302','保证数据的实时刷新'),(136,50,'A7','302','非常好真的很好'),(137,20,'A6','201','很好'),(138,20,'A6','201','很好'),(139,30,'A1','101','1231231'),(140,50,'A7','302','好'),(141,50,'A7','302','好'),(142,50,'A7','302','好'),(143,50,'A7','302','好'),(144,50,'A7','302','好'),(145,20,'A6','201','很好'),(146,20,'A6','201','很好'),(147,20,'A6','201','很好'),(148,20,'A6','201','很好'),(149,50,'A7','302','好'),(150,50,'A7','302','好'),(151,50,'A7','302','好'),(152,30,'A1','101','1231231'),(153,30,'A1','101','1231231'),(154,30,'A1','101','1231231'),(155,30,'A1','101','1231231'),(156,20,'A6','201','很好'),(157,20,'A6','201','很好'),(158,20,'A6','201','很好'),(159,50,'A7','302','保证数据的实时刷新'),(160,50,'A7','302','保证数据的实时刷新'),(161,50,'A7','302','保证数据的实时刷新'),(162,20,'A6','201','很好'),(163,20,'A6','201','很好'),(164,20,'A6','201','很好'),(165,20,'A6','201','很好'),(166,20,'A6','201','很好'),(167,20,'A6','201','很好'),(168,20,'A6','201','很好'),(169,20,'A6','201','很好'),(170,20,'A6','201','很好'),(171,50,'A7','302','123123131231231'),(172,50,'A7','302','123123131231231'),(173,50,'A7','302','123123131231231'),(174,50,'A7','302','123123131231231'),(175,50,'A7','302','保证数据的实时刷新'),(176,50,'A7','302','保证数据的实时刷新'),(177,20,'A6','201','很好'),(178,20,'A6','201','很好'),(179,30,'A1','101','1231231'),(180,30,'A1','101','1231231'),(181,20,'A6','201','很棒很好123123123'),(182,20,'A6','201','很棒很好123123123'),(183,50,'A7','302','测试'),(184,50,'A7','302','测试'),(185,50,'A7','302','测试'),(186,50,'A7','302','测试'),(187,50,'A7','302','否定'),(188,50,'A7','302','否定'),(189,50,'A7','302','否定'),(190,50,'A7','302','否定'),(191,20,'A6','201','超级好很好很不错'),(192,20,'A6','201','超级好很好很不错'),(193,20,'A6','201','超级好很好很不错'),(194,20,'A6','201','超级好很好很不错'),(195,12,'A2','114','1231231');
/*!40000 ALTER TABLE `classroom` ENABLE KEYS */;
UNLOCK TABLES;

--
-- Table structure for table `lost`
--

DROP TABLE IF EXISTS `lost`;
/*!40101 SET @saved_cs_client     = @@character_set_client */;
/*!50503 SET character_set_client = utf8mb4 */;
CREATE TABLE `lost` (
  `lost_id` int NOT NULL AUTO_INCREMENT COMMENT '失物ID',
  `lost_user_id` int NOT NULL COMMENT '拾起者ID',
  `lost_infor` varchar(50) NOT NULL COMMENT '失物信息',
  `lost_remark` varchar(50) DEFAULT NULL COMMENT '失物备注',
  `lost_time` datetime DEFAULT NULL COMMENT '丢失时间',
  `lost_type` varchar(255) DEFAULT NULL COMMENT '丢失类型（0为遗失，1为招领）',
  PRIMARY KEY (`lost_id`),
  KEY `lost_user_id` (`lost_user_id`),
  CONSTRAINT `lost_user_id` FOREIGN KEY (`lost_user_id`) REFERENCES `users` (`user_id`)
) ENGINE=InnoDB AUTO_INCREMENT=53 DEFAULT CHARSET=utf8mb4 COLLATE=utf8mb4_0900_ai_ci;
/*!40101 SET character_set_client = @saved_cs_client */;

--
-- Dumping data for table `lost`
--

LOCK TABLES `lost` WRITE;
/*!40000 ALTER TABLE `lost` DISABLE KEYS */;
INSERT INTO `lost` VALUES (3,113,'千夜浮梦','不见了，绿色的','2022-12-29 09:29:53','招领'),(4,113,'千夜浮梦','不见了，紫色的','2022-12-29 09:29:53','遗失'),(9,112,'护摩','丢了','2022-12-29 09:29:53','招领'),(10,113,'千夜浮梦','不见了，绿色的','2022-12-29 09:29:53','结束'),(11,113,'千夜浮梦','不见了，绿色的','2022-12-29 09:29:53','遗失'),(12,113,'千夜浮梦','哈哈哈哈哈哈哈','2022-12-29 09:29:53','遗失'),(13,113,'千夜浮梦','不见了，绿色的','2022-12-29 09:29:53','遗失'),(14,113,'千夜浮梦','不见了，紫色的','2022-12-29 09:29:53','遗失'),(16,113,'千夜浮梦','是谁的','2022-12-29 09:29:53','招领'),(17,113,'千夜浮梦','是谁的','2022-12-29 09:29:53','招领'),(18,113,'千夜浮梦','是谁的','2022-12-29 09:29:53','招领'),(19,113,'千夜浮梦','是谁的','2022-12-29 09:29:53','招领'),(20,113,'千夜浮梦','是谁的','2022-12-29 09:29:53','招领'),(21,113,'千夜浮梦','是谁的','2022-12-29 09:29:53','招领'),(22,113,'千夜浮梦','是谁的','2022-12-29 09:29:53','招领'),(23,113,'千夜浮梦','是谁的','2022-12-29 09:29:53','招领'),(24,113,'千夜浮梦','是谁的','2022-12-29 09:29:53','招领'),(34,113,'千夜浮梦','不见了，绿色的','2022-12-29 09:29:53','遗失'),(35,113,'千夜浮梦','不见了，绿色的','2022-12-29 09:29:53','遗失'),(40,111,'胡桃','我喜欢胡桃','2023-01-18 06:00:13','遗失'),(41,111,'胡桃','我喜欢胡桃','2023-01-18 06:00:55','结束'),(42,111,'原石','我爱原石我爱原石我爱原石我爱原石我爱原石我爱原石我爱原石我爱原石','2023-01-24 07:39:05','招领'),(43,111,'原石','我爱原石我爱原石我爱原石我爱原石我爱原石我爱原石我爱原石我爱原石我爱原石我爱原石我爱原石','2023-01-24 07:39:09','结束'),(44,111,'原石','我爱原石我爱原石我爱原石我爱原石我爱原石我爱原石我爱原石我爱原石我爱原石我爱原石我爱原石我爱原石','2023-01-24 07:39:28','招领'),(45,111,'原石','我爱原石我爱原石我爱原石我爱原石我爱原石我爱原石我爱原石我爱原石我爱原石我爱原石我爱原石我爱原石我爱','2023-01-24 07:39:34','招领'),(46,111,'原石','我爱原石我爱原石我爱原石我爱原石我爱原石我爱原石我爱原石我爱原石我爱原石我爱原石我爱原石我爱原石我爱','2023-01-24 07:39:41','招领'),(47,111,'我爱原石我爱原石我爱原石我爱原石我爱原石我爱原石我爱原石我爱原石我爱原石我爱原石我爱原石我爱原石我爱','我爱原石我爱原石我爱原石我爱原石我爱原石我爱原石我爱原石我爱原石我爱原石我爱原石我爱原石我爱原石我爱','2023-01-24 07:41:47','招领'),(48,111,'胡桃','胡桃胡桃胡桃胡桃胡桃胡桃胡桃胡桃胡桃胡桃胡桃胡桃胡桃胡桃胡桃胡桃胡桃胡桃胡桃胡桃胡桃胡桃胡桃胡桃胡桃','2023-02-03 07:49:39','遗失'),(49,111,'胡桃','胡桃胡桃胡桃胡桃胡桃胡桃胡桃胡桃胡桃胡桃胡桃胡桃胡桃胡桃胡桃胡桃胡桃胡桃胡桃胡桃胡桃胡桃胡桃胡桃胡桃','2023-02-03 07:50:53','遗失'),(50,111,'1231','121111111111','2023-02-13 17:56:47','招领'),(51,111,'32222222222','32222222222','2023-02-13 17:56:58','遗失'),(52,111,'2023年5月17日 14:46:48','2023年5月17日 14:46:50','2023-05-17 14:46:51','结束');
/*!40000 ALTER TABLE `lost` ENABLE KEYS */;
UNLOCK TABLES;

--
-- Table structure for table `user_score`
--

DROP TABLE IF EXISTS `user_score`;
/*!40101 SET @saved_cs_client     = @@character_set_client */;
/*!50503 SET character_set_client = utf8mb4 */;
CREATE TABLE `user_score` (
  `score_id` int NOT NULL AUTO_INCREMENT,
  `score` double DEFAULT NULL,
  PRIMARY KEY (`score_id`)
) ENGINE=InnoDB AUTO_INCREMENT=6 DEFAULT CHARSET=utf8mb4 COLLATE=utf8mb4_0900_ai_ci;
/*!40101 SET character_set_client = @saved_cs_client */;

--
-- Dumping data for table `user_score`
--

LOCK TABLES `user_score` WRITE;
/*!40000 ALTER TABLE `user_score` DISABLE KEYS */;
INSERT INTO `user_score` VALUES (1,5),(2,3),(3,4),(4,2),(5,5);
/*!40000 ALTER TABLE `user_score` ENABLE KEYS */;
UNLOCK TABLES;

--
-- Table structure for table `users`
--

DROP TABLE IF EXISTS `users`;
/*!40101 SET @saved_cs_client     = @@character_set_client */;
/*!50503 SET character_set_client = utf8mb4 */;
CREATE TABLE `users` (
  `user_id` int NOT NULL AUTO_INCREMENT COMMENT '用户ID',
  `user_password` varchar(20) NOT NULL COMMENT '用户密码',
  `user_phone` varchar(11) DEFAULT NULL COMMENT '用户手机号',
  `user_email` varchar(30) DEFAULT NULL COMMENT '用户邮箱',
  `user_name` varchar(10) NOT NULL COMMENT '用户姓名',
  PRIMARY KEY (`user_id`)
) ENGINE=InnoDB AUTO_INCREMENT=115 DEFAULT CHARSET=utf8mb4 COLLATE=utf8mb4_0900_ai_ci;
/*!40101 SET character_set_client = @saved_cs_client */;

--
-- Dumping data for table `users`
--

LOCK TABLES `users` WRITE;
/*!40000 ALTER TABLE `users` DISABLE KEYS */;
INSERT INTO `users` VALUES (111,'222','1111111111','201012312123','胡桃'),(112,'112','11111111111','111111111111111111111111','心海'),(113,'nxd','1131234412','113123','纳西妲');
/*!40000 ALTER TABLE `users` ENABLE KEYS */;
UNLOCK TABLES;

--
-- Table structure for table `waiters`
--

DROP TABLE IF EXISTS `waiters`;
/*!40101 SET @saved_cs_client     = @@character_set_client */;
/*!50503 SET character_set_client = utf8mb4 */;
CREATE TABLE `waiters` (
  `waiter_id` int NOT NULL COMMENT '服务员ID',
  `waiter_password` varchar(20) NOT NULL COMMENT '服务员密码',
  `waiter_phone` varchar(11) DEFAULT NULL COMMENT '服务员手机号',
  `waiter_email` varchar(30) DEFAULT NULL COMMENT '服务员邮箱',
  `waiter_name` varchar(10) NOT NULL COMMENT '服务员姓名',
  PRIMARY KEY (`waiter_id`)
) ENGINE=InnoDB DEFAULT CHARSET=utf8mb4 COLLATE=utf8mb4_0900_ai_ci;
/*!40101 SET character_set_client = @saved_cs_client */;

--
-- Dumping data for table `waiters`
--

LOCK TABLES `waiters` WRITE;
/*!40000 ALTER TABLE `waiters` DISABLE KEYS */;
INSERT INTO `waiters` VALUES (0,'0','0','0','0'),(222,'222','12312312312','1111111111111','222'),(224,'224','1111111111','2222222222','钟离'),(225,'225','18245782879','2637143104@qq.com','本人想养喵'),(226,'226','13945782879','2637143104@qq.com','本人想养喵');
/*!40000 ALTER TABLE `waiters` ENABLE KEYS */;
UNLOCK TABLES;

--
-- Table structure for table `working`
--

DROP TABLE IF EXISTS `working`;
/*!40101 SET @saved_cs_client     = @@character_set_client */;
/*!50503 SET character_set_client = utf8mb4 */;
CREATE TABLE `working` (
  `work_id` int NOT NULL AUTO_INCREMENT COMMENT '使用表ID',
  `work_user_id` int NOT NULL COMMENT '使用者ID',
  `work_classroom_id` int NOT NULL COMMENT '教室ID',
  `work_waiter_id` int DEFAULT NULL COMMENT '审核人员ID',
  `work_start_time` datetime NOT NULL COMMENT '开始使用时间',
  `work_end_time` datetime NOT NULL COMMENT '结束使用时间',
  `work_classroom_remark` varchar(50) DEFAULT NULL COMMENT '教室备注',
  PRIMARY KEY (`work_id`),
  KEY `working_user_id` (`work_user_id`),
  KEY `working_classroom_id` (`work_classroom_id`),
  KEY `working_waiter_id` (`work_waiter_id`),
  CONSTRAINT `working_classroom_id` FOREIGN KEY (`work_classroom_id`) REFERENCES `classroom` (`classroom_id`),
  CONSTRAINT `working_user_id` FOREIGN KEY (`work_user_id`) REFERENCES `users` (`user_id`),
  CONSTRAINT `working_waiter_id` FOREIGN KEY (`work_waiter_id`) REFERENCES `waiters` (`waiter_id`)
) ENGINE=InnoDB AUTO_INCREMENT=1862 DEFAULT CHARSET=utf8mb4 COLLATE=utf8mb4_0900_ai_ci;
/*!40101 SET character_set_client = @saved_cs_client */;

--
-- Dumping data for table `working`
--

LOCK TABLES `working` WRITE;
/*!40000 ALTER TABLE `working` DISABLE KEYS */;
INSERT INTO `working` VALUES (500,113,102,224,'2022-12-21 00:27:22','2022-12-21 00:27:31','很好123'),(501,113,102,224,'2022-12-21 00:27:22','2022-12-22 12:27:31','很好'),(502,113,105,224,'2018-12-21 00:23:07','2019-12-17 12:23:07','2023年5月17日 14:58:42'),(503,113,102,224,'2023-02-20 18:23:13','2023-02-20 18:23:14','很好'),(504,113,102,224,'2018-12-21 00:23:07','2019-12-21 00:23:07','很好'),(505,113,102,224,'2018-12-21 00:23:07','2019-12-21 00:23:07','很好'),(506,113,102,224,'2018-12-21 00:23:07','2019-12-21 00:23:07','1233'),(507,113,102,224,'2018-12-21 00:23:07','2019-12-21 00:23:07','非常棒'),(508,113,102,224,'2018-12-21 00:23:07','2019-12-21 00:23:07',NULL),(509,113,102,224,'2018-12-21 00:23:07','2019-12-21 00:23:07',NULL),(510,113,102,224,'2018-12-21 00:23:07','2019-12-21 00:23:07',NULL),(511,111,101,224,'2023-02-03 00:00:00','2023-02-04 00:00:00',NULL),(512,113,102,224,'2018-12-21 00:23:07','2019-12-21 00:23:07',NULL),(513,111,102,224,'2018-12-21 00:23:07','2019-12-21 00:23:07',NULL),(514,113,102,224,'2018-12-21 00:23:07','2019-12-21 00:23:07',NULL),(515,113,102,224,'2023-02-20 18:23:13','2023-02-20 18:23:14',NULL),(516,113,102,224,'2018-12-21 00:23:07','2019-12-21 00:23:07',NULL),(517,113,102,224,'2018-12-21 00:23:07','2019-12-21 00:23:07',NULL),(518,113,102,224,'2018-12-21 00:23:07','2019-12-21 00:23:07',NULL),(519,113,102,224,'2018-12-21 00:23:07','2019-12-21 00:23:07',NULL),(520,113,102,224,'2018-12-21 00:23:07','2019-12-21 00:23:07',NULL),(521,113,102,224,'2018-12-21 00:23:07','2019-12-21 00:23:07',NULL),(522,113,102,224,'2018-12-21 00:23:07','2019-12-21 00:23:07',NULL),(523,111,101,224,'2023-02-03 00:00:00','2023-02-04 00:00:00',NULL),(524,113,102,224,'2018-12-21 00:23:07','2019-12-21 00:23:07',NULL),(525,111,102,224,'2018-12-21 00:23:07','2019-12-21 00:23:07',NULL),(526,113,102,224,'2018-12-21 00:23:07','2019-12-21 00:23:07',NULL),(527,113,102,224,'2023-02-20 18:23:13','2023-02-20 18:23:14',NULL),(528,113,102,224,'2018-12-21 00:23:07','2019-12-21 00:23:07',NULL),(529,113,102,224,'2018-12-21 00:23:07','2019-12-21 00:23:07',NULL),(530,113,102,224,'2018-12-21 00:23:07','2019-12-21 00:23:07',NULL),(531,113,102,224,'2018-12-21 00:23:07','2019-12-21 00:23:07',NULL),(532,113,102,224,'2018-12-21 00:23:07','2019-12-21 00:23:07',NULL),(533,113,102,224,'2018-12-21 00:23:07','2019-12-21 00:23:07',NULL),(534,113,102,224,'2018-12-21 00:23:07','2019-12-21 00:23:07',NULL),(535,111,101,224,'2023-02-03 00:00:00','2023-02-04 00:00:00',NULL),(536,113,102,224,'2018-12-21 00:23:07','2019-12-21 00:23:07',NULL),(537,111,102,224,'2018-12-21 00:23:07','2019-12-21 00:23:07',NULL),(538,113,102,224,'2018-12-21 00:23:07','2019-12-21 00:23:07',NULL),(539,113,102,224,'2023-02-20 18:23:13','2023-02-20 18:23:14',NULL),(540,113,102,224,'2018-12-21 00:23:07','2019-12-21 00:23:07',NULL),(541,113,102,224,'2018-12-21 00:23:07','2019-12-21 00:23:07',NULL),(542,113,102,224,'2018-12-21 00:23:07','2019-12-21 00:23:07',NULL),(543,113,102,224,'2018-12-21 00:23:07','2019-12-21 00:23:07',NULL),(544,113,102,224,'2018-12-21 00:23:07','2019-12-21 00:23:07',NULL),(545,113,102,224,'2018-12-21 00:23:07','2019-12-21 00:23:07',NULL),(546,113,102,224,'2018-12-21 00:23:07','2019-12-21 00:23:07',NULL),(547,111,101,224,'2023-02-03 00:00:00','2023-02-04 00:00:00',NULL),(548,113,102,224,'2018-12-21 00:23:07','2019-12-21 00:23:07',NULL),(549,111,102,224,'2018-12-21 00:23:07','2019-12-21 00:23:07',NULL),(550,113,102,224,'2018-12-21 00:23:07','2019-12-21 00:23:07',NULL),(551,113,102,224,'2023-02-20 18:23:13','2023-02-20 18:23:14',NULL),(552,113,102,224,'2018-12-21 00:23:07','2019-12-21 00:23:07',NULL),(553,113,102,224,'2018-12-21 00:23:07','2019-12-21 00:23:07',NULL),(554,113,102,224,'2018-12-21 00:23:07','2019-12-21 00:23:07',NULL),(555,113,102,224,'2018-12-21 00:23:07','2019-12-21 00:23:07',NULL),(556,113,102,224,'2018-12-21 00:27:22','2019-12-21 00:27:31','很坏'),(557,113,102,224,'2018-12-21 00:23:07','2019-12-21 00:23:07',NULL),(558,113,102,224,'2018-12-21 00:23:07','2019-12-21 00:23:07',NULL),(559,111,101,224,'2023-02-03 00:00:00','2023-02-04 00:00:00',NULL),(560,113,102,224,'2018-12-21 00:23:07','2019-12-21 00:23:07',NULL),(561,111,102,224,'2018-12-21 00:23:07','2019-12-21 00:23:07',NULL),(562,113,102,224,'2018-12-21 00:23:07','2019-12-21 00:23:07',NULL),(563,113,102,224,'2023-02-20 18:23:13','2023-02-20 18:23:14',NULL),(564,113,102,224,'2018-12-21 00:23:07','2019-12-21 00:23:07',NULL),(565,113,102,224,'2018-12-21 00:23:07','2019-12-21 00:23:07',NULL),(566,113,102,224,'2018-12-21 00:23:07','2019-12-21 00:23:07',NULL),(567,113,102,224,'2018-12-21 00:23:07','2019-12-21 00:23:07',NULL),(568,113,102,224,'2018-12-21 00:23:07','2019-12-21 00:23:07',NULL),(569,113,102,224,'2018-12-21 00:23:07','2019-12-21 00:23:07',NULL),(570,113,102,224,'2018-12-21 00:23:07','2019-12-21 00:23:07',NULL),(571,111,101,224,'2023-02-03 00:00:00','2023-02-04 00:00:00',NULL),(572,113,102,224,'2018-12-21 00:23:07','2019-12-21 00:23:07',NULL),(573,111,102,224,'2018-12-21 00:23:07','2019-12-21 00:23:07',NULL),(574,111,101,0,'2023-02-20 00:00:00','2023-02-21 00:00:00',NULL),(575,111,102,224,'2023-02-20 22:12:34','2023-02-21 00:00:00',NULL),(576,111,102,224,'2023-02-02 00:00:00','2023-02-03 00:00:00',NULL),(577,111,101,224,'2023-02-02 00:00:00','2023-02-03 00:00:00',NULL),(578,111,101,224,'2023-02-07 00:00:00','2023-02-08 00:00:00',NULL),(579,111,101,224,'2023-02-23 00:00:00','2023-02-24 00:00:00',NULL),(580,111,105,224,'2023-03-09 00:00:00','2023-03-10 00:00:00',NULL),(581,111,101,224,'2023-02-09 00:00:00','2023-02-10 00:00:00',NULL),(582,111,101,224,'2023-02-09 00:00:00','2023-02-10 00:00:00',NULL),(583,111,101,224,'2023-02-09 00:00:00','2023-02-10 00:00:00',NULL),(584,111,101,224,'2023-03-02 00:00:00','2023-03-03 00:00:00',NULL),(585,111,101,224,'2023-02-09 00:00:00','2023-02-10 00:00:00',NULL),(586,111,101,224,'2023-03-02 00:00:00','2023-03-03 00:00:00',NULL),(587,111,101,224,'2023-02-09 00:00:00','2023-02-10 00:00:00',NULL),(588,111,101,224,'2023-03-02 00:00:00','2023-03-03 00:00:00',NULL),(589,111,101,224,'2023-02-09 00:00:00','2023-02-10 00:00:00',NULL),(590,111,101,224,'2023-03-02 00:00:00','2023-03-03 00:00:00',NULL),(591,111,101,224,'2023-02-09 00:00:00','2023-02-10 00:00:00',NULL),(592,111,101,224,'2023-03-02 00:00:00','2023-03-03 00:00:00',NULL),(593,111,101,224,'2023-02-09 00:00:00','2023-02-10 00:00:00',NULL),(594,111,101,224,'2023-03-02 00:00:00','2023-03-03 00:00:00',NULL),(595,111,101,224,'2023-02-09 00:00:00','2023-02-10 00:00:00',NULL),(596,111,101,224,'2023-03-02 00:00:00','2023-03-03 00:00:00',NULL),(597,111,101,224,'2023-02-09 00:00:00','2023-02-10 00:00:00',NULL),(598,111,101,224,'2023-03-02 00:00:00','2023-03-03 00:00:00',NULL),(599,111,101,224,'2023-02-09 00:00:00','2023-02-10 00:00:00',NULL),(600,111,101,224,'2023-03-02 00:00:00','2023-03-03 00:00:00',NULL),(601,111,101,224,'2023-02-09 00:00:00','2023-02-10 00:00:00',NULL),(602,111,101,224,'2023-03-02 00:00:00','2023-03-03 00:00:00',NULL),(603,111,101,224,'2023-02-09 00:00:00','2023-02-10 00:00:00',NULL),(604,111,101,224,'2023-03-02 00:00:00','2023-03-03 00:00:00',NULL),(605,111,101,224,'2023-02-09 00:00:00','2023-02-10 00:00:00',NULL),(606,111,101,224,'2023-03-02 00:00:00','2023-03-03 00:00:00',NULL),(607,111,101,224,'2023-02-09 00:00:00','2023-02-10 00:00:00',NULL),(608,111,101,224,'2023-03-02 00:00:00','2023-03-03 00:00:00',NULL),(609,111,101,224,'2023-02-09 00:00:00','2023-02-10 00:00:00',NULL),(610,111,101,224,'2023-03-02 00:00:00','2023-03-03 00:00:00',NULL),(611,111,101,224,'2023-02-09 00:00:00','2023-02-10 00:00:00',NULL),(612,111,101,224,'2023-03-02 00:00:00','2023-03-03 00:00:00',NULL),(613,111,101,224,'2023-02-09 00:00:00','2023-02-10 00:00:00',NULL),(614,111,101,224,'2023-03-02 00:00:00','2023-03-03 00:00:00',NULL),(615,111,101,224,'2023-02-09 00:00:00','2023-02-10 00:00:00',NULL),(616,111,101,224,'2023-03-02 00:00:00','2023-03-03 00:00:00',NULL),(617,111,101,224,'2023-02-09 00:00:00','2023-02-10 00:00:00',NULL),(618,111,101,224,'2023-03-02 00:00:00','2023-03-03 00:00:00',NULL),(619,111,101,224,'2023-02-09 00:00:00','2023-02-10 00:00:00',NULL),(620,111,101,224,'2023-03-02 00:00:00','2023-03-03 00:00:00',NULL),(621,111,101,224,'2023-02-09 00:00:00','2023-02-10 00:00:00',NULL),(622,111,101,224,'2023-03-02 00:00:00','2023-03-03 00:00:00',NULL),(623,111,101,224,'2023-02-09 00:00:00','2023-02-10 00:00:00',NULL),(624,111,101,224,'2023-03-02 00:00:00','2023-03-03 00:00:00',NULL),(625,111,101,224,'2023-02-09 00:00:00','2023-02-10 00:00:00',NULL),(626,111,101,224,'2023-03-02 00:00:00','2023-03-03 00:00:00',NULL),(627,111,101,224,'2023-02-09 00:00:00','2023-02-10 00:00:00',NULL),(628,111,101,224,'2023-03-02 00:00:00','2023-03-03 00:00:00',NULL),(629,111,101,224,'2023-02-09 00:00:00','2023-02-10 00:00:00',NULL),(630,111,101,224,'2023-03-02 00:00:00','2023-03-03 00:00:00',NULL),(631,111,101,224,'2023-02-09 00:00:00','2023-02-10 00:00:00',NULL),(632,111,101,224,'2023-03-02 00:00:00','2023-03-03 00:00:00',NULL),(633,111,101,224,'2023-02-09 00:00:00','2023-02-10 00:00:00',NULL),(634,111,101,224,'2023-03-02 00:00:00','2023-03-03 00:00:00',NULL),(635,111,101,224,'2023-02-09 00:00:00','2023-02-10 00:00:00',NULL),(636,111,101,224,'2023-03-02 00:00:00','2023-03-03 00:00:00',NULL),(637,111,101,224,'2023-02-09 00:00:00','2023-02-10 00:00:00',NULL),(638,111,101,224,'2023-03-02 00:00:00','2023-03-03 00:00:00',NULL),(639,111,101,224,'2023-02-09 00:00:00','2023-02-10 00:00:00',NULL),(640,111,101,224,'2023-03-02 00:00:00','2023-03-03 00:00:00',NULL),(641,111,101,224,'2023-02-09 00:00:00','2023-02-10 00:00:00',NULL),(642,111,101,224,'2023-03-02 00:00:00','2023-03-03 00:00:00',NULL),(643,111,101,224,'2023-02-09 00:00:00','2023-02-10 00:00:00',NULL),(644,111,101,224,'2023-03-02 00:00:00','2023-03-03 00:00:00',NULL),(645,111,101,224,'2023-02-09 00:00:00','2023-02-10 00:00:00',NULL),(646,111,101,224,'2023-03-02 00:00:00','2023-03-03 00:00:00',NULL),(647,111,101,224,'2023-02-09 00:00:00','2023-02-10 00:00:00',NULL),(648,111,101,224,'2023-03-02 00:00:00','2023-03-03 00:00:00',NULL),(649,111,101,224,'2023-02-09 00:00:00','2023-02-10 00:00:00',NULL),(650,111,101,224,'2023-03-02 00:00:00','2023-03-03 00:00:00',NULL),(651,111,101,224,'2023-02-09 00:00:00','2023-02-10 00:00:00',NULL),(652,111,101,224,'2023-03-02 00:00:00','2023-03-03 00:00:00',NULL),(653,111,101,224,'2023-02-09 00:00:00','2023-02-10 00:00:00',NULL),(654,111,101,224,'2023-03-02 00:00:00','2023-03-03 00:00:00',NULL),(655,111,101,224,'2023-02-09 00:00:00','2023-02-10 00:00:00',NULL),(656,111,101,224,'2023-03-02 00:00:00','2023-03-03 00:00:00',NULL),(657,111,101,224,'2023-02-09 00:00:00','2023-02-10 00:00:00',NULL),(658,111,101,224,'2023-03-02 00:00:00','2023-03-03 00:00:00',NULL),(659,111,101,224,'2023-02-09 00:00:00','2023-02-10 00:00:00',NULL),(660,111,101,224,'2023-03-02 00:00:00','2023-03-03 00:00:00',NULL),(661,111,101,224,'2023-02-09 00:00:00','2023-02-10 00:00:00',NULL),(662,111,101,224,'2023-03-02 00:00:00','2023-03-03 00:00:00',NULL),(663,111,101,224,'2023-02-09 00:00:00','2023-02-10 00:00:00',NULL),(664,111,101,224,'2023-03-02 00:00:00','2023-03-03 00:00:00',NULL),(665,111,101,224,'2023-02-09 00:00:00','2023-02-10 00:00:00',NULL),(666,111,101,224,'2023-03-02 00:00:00','2023-03-03 00:00:00',NULL),(667,111,101,224,'2023-02-09 00:00:00','2023-02-10 00:00:00',NULL),(668,111,101,224,'2023-03-02 00:00:00','2023-03-03 00:00:00',NULL),(669,111,101,224,'2023-02-09 00:00:00','2023-02-10 00:00:00',NULL),(670,111,101,224,'2023-03-02 00:00:00','2023-03-03 00:00:00',NULL),(671,111,101,224,'2023-02-09 00:00:00','2023-02-10 00:00:00',NULL),(672,111,101,224,'2023-03-02 00:00:00','2023-03-03 00:00:00',NULL),(673,111,101,224,'2023-02-09 00:00:00','2023-02-10 00:00:00',NULL),(674,111,101,224,'2023-03-02 00:00:00','2023-03-03 00:00:00',NULL),(675,111,101,224,'2023-02-09 00:00:00','2023-02-10 00:00:00',NULL),(676,111,101,224,'2023-03-02 00:00:00','2023-03-03 00:00:00',NULL),(677,111,101,224,'2023-02-09 00:00:00','2023-02-10 00:00:00',NULL),(678,111,101,224,'2023-03-02 00:00:00','2023-03-03 00:00:00',NULL),(679,111,101,224,'2023-02-09 00:00:00','2023-02-10 00:00:00',NULL),(680,111,101,224,'2023-03-02 00:00:00','2023-03-03 00:00:00',NULL),(681,111,101,224,'2023-02-09 00:00:00','2023-02-10 00:00:00',NULL),(682,111,101,224,'2023-03-02 00:00:00','2023-03-03 00:00:00',NULL),(683,111,101,224,'2023-02-09 00:00:00','2023-02-10 00:00:00',NULL),(684,111,101,224,'2023-03-02 00:00:00','2023-03-03 00:00:00',NULL),(685,111,101,224,'2023-02-09 00:00:00','2023-02-10 00:00:00',NULL),(686,111,101,224,'2023-03-02 00:00:00','2023-03-03 00:00:00',NULL),(687,111,101,224,'2023-02-09 00:00:00','2023-02-10 00:00:00',NULL),(688,111,101,224,'2023-03-02 00:00:00','2023-03-03 00:00:00',NULL),(689,111,101,224,'2023-02-09 00:00:00','2023-02-10 00:00:00',NULL),(690,111,101,224,'2023-03-02 00:00:00','2023-03-03 00:00:00',NULL),(691,111,101,224,'2023-02-09 00:00:00','2023-02-10 00:00:00',NULL),(692,111,101,224,'2023-03-02 00:00:00','2023-03-03 00:00:00',NULL),(693,111,101,224,'2023-02-09 00:00:00','2023-02-10 00:00:00',NULL),(694,111,101,224,'2023-03-02 00:00:00','2023-03-03 00:00:00',NULL),(695,111,101,224,'2023-02-09 00:00:00','2023-02-10 00:00:00',NULL),(696,111,101,224,'2023-03-02 00:00:00','2023-03-03 00:00:00',NULL),(697,111,101,224,'2023-02-09 00:00:00','2023-02-10 00:00:00',NULL),(698,111,101,224,'2023-03-02 00:00:00','2023-03-03 00:00:00',NULL),(699,111,101,224,'2023-02-09 00:00:00','2023-02-10 00:00:00',NULL),(700,111,101,224,'2023-03-02 00:00:00','2023-03-03 00:00:00',NULL),(701,111,101,224,'2023-02-09 00:00:00','2023-02-10 00:00:00',NULL),(702,111,101,224,'2023-03-02 00:00:00','2023-03-03 00:00:00',NULL),(703,111,101,224,'2023-02-09 00:00:00','2023-02-10 00:00:00',NULL),(704,111,101,224,'2023-03-02 00:00:00','2023-03-03 00:00:00',NULL),(1837,111,101,224,'2023-02-09 00:00:00','2023-02-10 00:00:00',NULL),(1838,111,101,224,'2023-03-24 00:00:00','2023-03-25 00:00:00',NULL),(1839,111,101,224,'2023-03-02 00:00:00','2023-03-03 00:00:00',NULL),(1840,111,117,224,'2023-04-26 00:00:00','2023-04-27 00:00:00',NULL),(1841,111,101,224,'2023-05-17 00:00:00','2023-05-18 00:00:00',NULL),(1842,111,101,224,'2023-02-09 00:00:00','2023-02-10 00:00:00',NULL),(1843,111,101,224,'2023-03-24 00:00:00','2023-03-25 00:00:00',NULL),(1844,111,101,224,'2023-03-02 00:00:00','2023-03-03 00:00:00',NULL),(1845,111,117,224,'2023-04-26 00:00:00','2023-04-27 00:00:00',NULL),(1846,111,101,224,'2023-05-17 00:00:00','2023-05-18 00:00:00',NULL),(1847,111,101,224,'2023-02-09 00:00:00','2023-02-10 00:00:00',NULL),(1848,111,101,224,'2023-03-24 00:00:00','2023-03-25 00:00:00',NULL),(1849,111,101,224,'2023-03-02 00:00:00','2023-03-03 00:00:00',NULL),(1850,111,117,224,'2023-04-26 00:00:00','2023-04-27 00:00:00',NULL),(1851,111,101,224,'2023-05-17 00:00:00','2023-05-18 00:00:00',NULL),(1852,111,101,224,'2023-02-09 00:00:00','2023-02-10 00:00:00',NULL),(1853,111,101,224,'2023-03-24 00:00:00','2023-03-25 00:00:00',NULL),(1854,111,101,224,'2023-03-02 00:00:00','2023-03-03 00:00:00',NULL),(1855,111,117,224,'2023-04-26 00:00:00','2023-04-27 00:00:00',NULL),(1856,111,101,224,'2023-05-17 00:00:00','2023-05-18 00:00:00',NULL),(1857,111,101,224,'2023-02-09 00:00:00','2023-02-10 00:00:00',NULL),(1858,111,101,224,'2023-03-24 00:00:00','2023-03-25 00:00:00',NULL),(1859,111,101,224,'2023-03-02 00:00:00','2023-03-03 00:00:00',NULL),(1860,111,117,224,'2023-04-26 00:00:00','2023-04-27 00:00:00',NULL),(1861,111,101,224,'2023-05-17 00:00:00','2023-05-18 00:00:00',NULL);
/*!40000 ALTER TABLE `working` ENABLE KEYS */;
UNLOCK TABLES;
/*!40103 SET TIME_ZONE=@OLD_TIME_ZONE */;

/*!40101 SET SQL_MODE=@OLD_SQL_MODE */;
/*!40014 SET FOREIGN_KEY_CHECKS=@OLD_FOREIGN_KEY_CHECKS */;
/*!40014 SET UNIQUE_CHECKS=@OLD_UNIQUE_CHECKS */;
/*!40101 SET CHARACTER_SET_CLIENT=@OLD_CHARACTER_SET_CLIENT */;
/*!40101 SET CHARACTER_SET_RESULTS=@OLD_CHARACTER_SET_RESULTS */;
/*!40101 SET COLLATION_CONNECTION=@OLD_COLLATION_CONNECTION */;
/*!40111 SET SQL_NOTES=@OLD_SQL_NOTES */;

-- Dump completed on 2023-11-23 15:27:03
